<exprs><expr relation="Trigger" name="StandardDimsOutput" type="string"><gui_content><![CDATA[null]]></gui_content><concat><byte hex_val="0x02"/><str_const><![CDATA[;]]></str_const><func name="forEach"><str_const><![CDATA[VolumeData]]></str_const><concat><func name="prefix"><attr name="Trigger/hour"/><num_const value="0"/><num_const value="2"/></func><str_const><![CDATA[:]]></str_const><func name="prefix"><attr name="Trigger/minute"/><num_const value="0"/><num_const value="2"/></func><str_const><![CDATA[:]]></str_const><func name="prefix"><attr name="Trigger/second"/><num_const value="0"/><num_const value="2"/></func><str_const><![CDATA[:]]></str_const><func name="prefix"><attr name="Trigger/millisecond"/><num_const value="0"/><num_const value="2"/></func><str_const><![CDATA[;]]></str_const><func name="ifThenElse"><expr_ref name="ValidDim" looplevel="0"/><str_const><![CDATA[ValidDim]]></str_const><str_const><![CDATA[InvalidDim]]></str_const></func><str_const><![CDATA[;]]></str_const><attr name="Trigger/id"/><str_const><![CDATA[;]]></str_const><attr name="Trigger/externalIdx"/><str_const><![CDATA[;]]></str_const><func name="ifThenElse"><num_comp type="eq"><attr name="Trigger/VolumeData/unitdistance"/><num_const value="0"/></num_comp><str_const><![CDATA[mm/10]]></str_const><func name="ifThenElse"><num_comp type="eq"><attr name="Trigger/VolumeData/unitdistance"/><num_const value="1"/></num_comp><str_const><![CDATA[mm]]></str_const><func name="ifThenElse"><num_comp type="eq"><attr name="Trigger/VolumeData/unitdistance"/><num_const value="2"/></num_comp><str_const><![CDATA[inch/100]]></str_const><str_const><![CDATA[no unit]]></str_const></func></func></func><str_const><![CDATA[;]]></str_const><attr name="Trigger/VolumeData/objectLength"/><str_const><![CDATA[;]]></str_const><attr name="Trigger/VolumeData/objectWidth"/><str_const><![CDATA[;]]></str_const><attr name="Trigger/VolumeData/objectHeight"/><str_const><![CDATA[;]]></str_const><func name="numFmt"><attr name="Trigger/VolumeData/vmsmeasstate1"/><str_const><![CDATA[int]]></str_const><num_const value="16"/><num_const value="4"/><bool_const value="true"/><bool_const value="false"/></func><str_const><![CDATA[;]]></str_const><func name="numFmt"><attr name="Trigger/VolumeData/vmsmeasstate2"/><str_const><![CDATA[int]]></str_const><num_const value="16"/><num_const value="4"/><bool_const value="true"/><bool_const value="false"/></func><str_const><![CDATA[;]]></str_const><func name="numFmt"><attr name="Trigger/VolumeData/vmsmeasstate3"/><str_const><![CDATA[int]]></str_const><num_const value="16"/><num_const value="4"/><bool_const value="true"/><bool_const value="false"/></func><str_const><![CDATA[;]]></str_const><num_conj type="div"><attr name="Trigger/VolumeData/objectangle"/><num_const value="10"/></num_conj><str_const><![CDATA[;]]></str_const><attr name="Trigger/VolumeData/realvolume"/><str_const><![CDATA[;]]></str_const><attr name="Trigger/VolumeData/boxvolume"/><str_const><![CDATA[;]]></str_const><attr name="Trigger/speedattrigger"/><str_const><![CDATA[;]]></str_const><attr name="Trigger/VolumeData/objgap"/><str_const><![CDATA[;]]></str_const><attr name="Trigger/VolumeData/gravitycentrex"/><str_const><![CDATA[;]]></str_const><attr name="Trigger/VolumeData/gravitycentrey"/><str_const><![CDATA[;]]></str_const><attr name="Trigger/VolumeData/gravitycentrez"/><str_const><![CDATA[;]]></str_const></concat><str_const><![CDATA[,]]></str_const><str_const><![CDATA[id]]></str_const><str_const><![CDATA[ascending]]></str_const><num_const value="1"/><num_const value="0"/><bool_const value="true"/><concat><func name="prefix"><attr name="Trigger/hour"/><num_const value="0"/><num_const value="2"/></func><str_const><![CDATA[:]]></str_const><func name="prefix"><attr name="Trigger/minute"/><num_const value="0"/><num_const value="2"/></func><str_const><![CDATA[:]]></str_const><func name="prefix"><attr name="Trigger/second"/><num_const value="0"/><num_const value="2"/></func><str_const><![CDATA[:]]></str_const><func name="prefix"><attr name="Trigger/millisecond"/><num_const value="0"/><num_const value="2"/></func><str_const><![CDATA[;]]></str_const><str_const><![CDATA[NoDim]]></str_const><str_const><![CDATA[;]]></str_const><attr name="Trigger/id"/><str_const><![CDATA[;]]></str_const><attr name="Trigger/externalIdx"/><str_const><![CDATA[;]]></str_const><str_const><![CDATA[no unit]]></str_const><str_const><![CDATA[;]]></str_const><str_const><![CDATA[0]]></str_const><str_const><![CDATA[;]]></str_const><str_const><![CDATA[0]]></str_const><str_const><![CDATA[;]]></str_const><str_const><![CDATA[0]]></str_const><str_const><![CDATA[;]]></str_const><str_const><![CDATA[0]]></str_const><str_const><![CDATA[;]]></str_const><str_const><![CDATA[0]]></str_const><str_const><![CDATA[;]]></str_const><str_const><![CDATA[0]]></str_const><str_const><![CDATA[;]]></str_const><str_const><![CDATA[0]]></str_const><str_const><![CDATA[;]]></str_const><str_const><![CDATA[0]]></str_const><str_const><![CDATA[;]]></str_const><str_const><![CDATA[0]]></str_const><str_const><![CDATA[;]]></str_const><str_const><![CDATA[0]]></str_const><str_const><![CDATA[;]]></str_const><str_const><![CDATA[0]]></str_const><str_const><![CDATA[;]]></str_const></concat></func><func name="forEach"><str_const><![CDATA[VolumeData]]></str_const><concat><attr name="Trigger/VolumeData/devregionback1"/><str_const><![CDATA[;]]></str_const><attr name="Trigger/VolumeData/devregionback2"/><str_const><![CDATA[;]]></str_const><attr name="Trigger/VolumeData/devregionbottom1"/><str_const><![CDATA[;]]></str_const><attr name="Trigger/VolumeData/devregionbottom2"/><str_const><![CDATA[;]]></str_const><attr name="Trigger/VolumeData/devregionfront1"/><str_const><![CDATA[;]]></str_const><attr name="Trigger/VolumeData/devregionfront2"/><str_const><![CDATA[;]]></str_const><attr name="Trigger/VolumeData/devregionleft1"/><str_const><![CDATA[;]]></str_const><attr name="Trigger/VolumeData/devregionleft2"/><str_const><![CDATA[;]]></str_const><attr name="Trigger/VolumeData/devregionright1"/><str_const><![CDATA[;]]></str_const><attr name="Trigger/VolumeData/devregionright2"/><str_const><![CDATA[;]]></str_const><attr name="Trigger/VolumeData/devregiontop1"/><str_const><![CDATA[;]]></str_const><attr name="Trigger/VolumeData/devregiontop2"/><str_const><![CDATA[;]]></str_const><attr name="Trigger/VolumeData/distregionback"/><str_const><![CDATA[;]]></str_const><attr name="Trigger/VolumeData/distregionleft"/><str_const><![CDATA[;]]></str_const><attr name="Trigger/VolumeData/distregionfront"/><str_const><![CDATA[;]]></str_const><attr name="Trigger/VolumeData/distregionright"/><str_const><![CDATA[;]]></str_const><attr name="Trigger/VolumeData/heightprecision"/><str_const><![CDATA[;]]></str_const><attr name="Trigger/VolumeData/heightregion1"/><str_const><![CDATA[;]]></str_const><attr name="Trigger/VolumeData/heightregion2"/><str_const><![CDATA[;]]></str_const><attr name="Trigger/VolumeData/lengthprecision"/><str_const><![CDATA[;]]></str_const><attr name="Trigger/VolumeData/lengthregion1"/><str_const><![CDATA[;]]></str_const><attr name="Trigger/VolumeData/lengthregion2"/><str_const><![CDATA[;]]></str_const><attr name="Trigger/VolumeData/widthprecision"/><str_const><![CDATA[;]]></str_const><attr name="Trigger/VolumeData/widthregion1"/><str_const><![CDATA[;]]></str_const><attr name="Trigger/VolumeData/widthregion2"/><str_const><![CDATA[;]]></str_const></concat><str_const><![CDATA[,]]></str_const><str_const><![CDATA[id]]></str_const><str_const><![CDATA[ascending]]></str_const><num_const value="1"/><num_const value="0"/><bool_const value="true"/><concat><str_const><![CDATA[0]]></str_const><str_const><![CDATA[;]]></str_const><str_const><![CDATA[0]]></str_const><str_const><![CDATA[;]]></str_const><str_const><![CDATA[0]]></str_const><str_const><![CDATA[;]]></str_const><str_const><![CDATA[0]]></str_const><str_const><![CDATA[;]]></str_const><str_const><![CDATA[0]]></str_const><str_const><![CDATA[;]]></str_const><str_const><![CDATA[0]]></str_const><str_const><![CDATA[;]]></str_const><str_const><![CDATA[0]]></str_const><str_const><![CDATA[;]]></str_const><str_const><![CDATA[0]]></str_const><str_const><![CDATA[;]]></str_const><str_const><![CDATA[0]]></str_const><str_const><![CDATA[;]]></str_const><str_const><![CDATA[0]]></str_const><str_const><![CDATA[;]]></str_const><str_const><![CDATA[0]]></str_const><str_const><![CDATA[;]]></str_const><str_const><![CDATA[0]]></str_const><str_const><![CDATA[;]]></str_const><str_const><![CDATA[0]]></str_const><str_const><![CDATA[;]]></str_const><str_const><![CDATA[0]]></str_const><str_const><![CDATA[;]]></str_const><str_const><![CDATA[0]]></str_const><str_const><![CDATA[;]]></str_const><str_const><![CDATA[0]]></str_const><str_const><![CDATA[;]]></str_const><str_const><![CDATA[0]]></str_const><str_const><![CDATA[;]]></str_const><str_const><![CDATA[0]]></str_const><str_const><![CDATA[;]]></str_const><str_const><![CDATA[0]]></str_const><str_const><![CDATA[;]]></str_const><str_const><![CDATA[0]]></str_const><str_const><![CDATA[;]]></str_const><str_const><![CDATA[0]]></str_const><str_const><![CDATA[;]]></str_const><str_const><![CDATA[0]]></str_const><str_const><![CDATA[;]]></str_const><str_const><![CDATA[0]]></str_const><str_const><![CDATA[;]]></str_const><str_const><![CDATA[0]]></str_const><str_const><![CDATA[;]]></str_const><str_const><![CDATA[0]]></str_const><str_const><![CDATA[;]]></str_const></concat></func><func name="forEach"><str_const><![CDATA[VolumeData]]></str_const><concat><attr name="Trigger/VolumeData/corner1x"/><str_const><![CDATA[;]]></str_const><attr name="Trigger/VolumeData/corner2x"/><str_const><![CDATA[;]]></str_const><attr name="Trigger/VolumeData/corner3x"/><str_const><![CDATA[;]]></str_const><attr name="Trigger/VolumeData/corner4x"/><str_const><![CDATA[;]]></str_const><attr name="Trigger/VolumeData/corner1y"/><str_const><![CDATA[;]]></str_const><attr name="Trigger/VolumeData/corner2y"/><str_const><![CDATA[;]]></str_const><attr name="Trigger/VolumeData/corner3y"/><str_const><![CDATA[;]]></str_const><attr name="Trigger/VolumeData/corner4y"/><str_const><![CDATA[;]]></str_const><attr name="Trigger/VolumeData/corner1z"/><str_const><![CDATA[;]]></str_const><attr name="Trigger/VolumeData/corner2z"/><str_const><![CDATA[;]]></str_const><attr name="Trigger/VolumeData/corner3z"/><str_const><![CDATA[;]]></str_const><attr name="Trigger/VolumeData/corner4z"/><str_const><![CDATA[;]]></str_const></concat><str_const><![CDATA[,]]></str_const><str_const><![CDATA[id]]></str_const><str_const><![CDATA[ascending]]></str_const><num_const value="-1"/><num_const value="0"/><bool_const value="true"/><concat><str_const><![CDATA[0]]></str_const><str_const><![CDATA[;]]></str_const><str_const><![CDATA[0]]></str_const><str_const><![CDATA[;]]></str_const><str_const><![CDATA[0]]></str_const><str_const><![CDATA[;]]></str_const><str_const><![CDATA[0]]></str_const><str_const><![CDATA[;]]></str_const><str_const><![CDATA[0]]></str_const><str_const><![CDATA[;]]></str_const><str_const><![CDATA[0]]></str_const><str_const><![CDATA[;]]></str_const><str_const><![CDATA[0]]></str_const><str_const><![CDATA[;]]></str_const><str_const><![CDATA[0]]></str_const><str_const><![CDATA[;]]></str_const><str_const><![CDATA[0]]></str_const><str_const><![CDATA[;]]></str_const><str_const><![CDATA[0]]></str_const><str_const><![CDATA[;]]></str_const><str_const><![CDATA[0]]></str_const><str_const><![CDATA[;]]></str_const><str_const><![CDATA[0]]></str_const><str_const><![CDATA[;]]></str_const></concat></func><byte hex_val="0x03"/><byte hex_val="0x0D"/><byte hex_val="0x0A"/></concat></expr></exprs>